,createDt,deathCnt,defCnt,gubun,gubunCn,gubunEn,incDec,isolClearCnt,isolIngCnt,localOccCnt,overFlowCnt,qurRate,seq,stdDay,updateDt
0,2021-11-22 09:03:29.196,16,6406,검역,隔離區,Lazaretto,7,6244,146,0,7,-,13442,2021년 11월 22일 00시,null
1,2021-11-22 09:03:29.195,9,3464,제주,济州,Jeju,17,3231,224,17,0,513,13441,2021년 11월 22일 00시,null
2,2021-11-22 09:03:29.195,48,14367,경남,庆南,Gyeongsangnam-do,65,13484,835,63,2,430,13440,2021년 11월 22일 00시,null
3,2021-11-22 09:03:29.195,100,10604,경북,庆北,Gyeongsangbuk-do,39,10078,426,39,0,402,13439,2021년 11월 22일 00시,null
4,2021-11-22 09:03:29.195,25,4142,전남,全南,Jeollanam-do,27,3745,372,25,2,224,13438,2021년 11월 22일 00시,null
5,2021-11-22 09:03:29.194,70,5981,전북,全北,Jeollabuk-do,34,5450,461,34,0,332,13437,2021년 11월 22일 00시,null
6,2021-11-22 09:03:29.194,75,12032,충남,忠南,Chungcheongnam-do,47,11180,777,47,0,567,13436,2021년 11월 22일 00시,null
7,2021-11-22 09:03:29.194,89,8565,충북,忠北,Chungcheongbuk-do,26,8216,260,26,0,535,13435,2021년 11월 22일 00시,null
8,2021-11-22 09:03:29.193,70,8073,강원,江原,Gangwon-do,55,7443,560,55,0,523,13434,2021년 11월 22일 00시,null
9,2021-11-22 09:03:29.193,1082,125278,경기,京畿,Gyeonggi-do,820,112624,11572,817,3,933,13433,2021년 11월 22일 00시,null
10,2021-11-22 09:03:29.193,2,1457,세종,世宗,Sejong,5,1393,62,5,0,409,13432,2021년 11월 22일 00시,null
11,2021-11-22 09:03:29.193,57,5580,울산,蔚山,Ulsan,10,5450,73,10,0,491,13431,2021년 11월 22일 00시,null
12,2021-11-22 09:03:29.192,56,8165,대전,大田,Daejeon,36,7712,397,36,0,558,13430,2021년 11월 22일 00시,null
13,2021-11-22 09:03:29.192,30,5918,광주,光州,Gwangju,57,5539,349,57,0,408,13429,2021년 11월 22일 00시,null
14,2021-11-22 09:03:29.192,129,22767,인천,仁川,Incheon,161,20327,2311,159,2,774,13428,2021년 11월 22일 00시,null
15,2021-11-22 09:03:29.192,302,18298,대구,大邱,Daegu,53,17370,626,53,0,757,13427,2021년 11월 22일 00시,null
16,2021-11-22 09:03:29.191,178,15407,부산,釜山,Busan,90,14289,940,89,1,454,13426,2021년 11월 22일 00시,null
17,2021-11-22 09:03:29.191,960,141748,서울,首尔,Seoul,1278,122931,17857,1274,4,1466,13425,2021년 11월 22일 00시,null
18,2021-11-22 09:03:29.191,3298,418252,합계,合计,Total,2827,376706,38248,2806,21,807,13424,2021년 11월 22일 00시,null
19,2021-11-21 09:06:03.3,16,6399,검역,隔離區,Lazaretto,5,6244,139,0,5,-,13423,2021년 11월 21일 00시,null
20,2021-11-21 09:06:03.3,9,3447,제주,济州,Jeju,15,3214,224,15,0,510.943,13422,2021년 11월 21일 00시,null
21,2021-11-21 09:06:03.3,47,14302,경남,庆南,Gyeongsangnam-do,76,13436,819,76,0,428.176,13421,2021년 11월 21일 00시,null
22,2021-11-21 09:06:03.3,100,10565,경북,庆北,Gyeongsangbuk-do,26,10052,413,25,1,400.277,13420,2021년 11월 21일 00시,null
23,2021-11-21 09:06:03.3,25,4115,전남,全南,Jeollanam-do,38,3730,360,37,1,222.246,13419,2021년 11월 21일 00시,null
24,2021-11-21 09:06:03.299,70,5947,전북,全北,Jeollabuk-do,41,5402,475,40,1,329.637,13418,2021년 11월 21일 00시,null
25,2021-11-21 09:06:03.299,75,11985,충남,忠南,Chungcheongnam-do,47,11150,760,47,0,565.056,13417,2021년 11월 21일 00시,null
26,2021-11-21 09:06:03.299,89,8539,충북,忠北,Chungcheongbuk-do,20,8202,248,20,0,533.408,13416,2021년 11월 21일 00시,null
27,2021-11-21 09:06:03.299,69,8018,강원,江原,Gangwon-do,75,7417,532,75,0,519.691,13415,2021년 11월 21일 00시,null
28,2021-11-21 09:06:03.299,1072,124458,경기,京畿,Gyeonggi-do,992,112433,10953,988,4,926.922,13414,2021년 11월 21일 00시,null
29,2021-11-21 09:06:03.298,2,1452,세종,世宗,Sejong,7,1387,63,7,0,408.059,13413,2021년 11월 21일 00시,null
30,2021-11-21 09:06:03.298,57,5570,울산,蔚山,Ulsan,9,5448,65,9,0,490.31,13412,2021년 11월 21일 00시,null
31,2021-11-21 09:06:03.298,56,8129,대전,大田,Daejeon,43,7698,375,43,0,555.304,13411,2021년 11월 21일 00시,null
32,2021-11-21 09:06:03.298,30,5861,광주,光州,Gwangju,70,5525,306,70,0,404.19,13410,2021년 11월 21일 00시,null
33,2021-11-21 09:06:03.297,127,22606,인천,仁川,Incheon,206,20269,2210,203,3,768.173,13409,2021년 11월 21일 00시,null
34,2021-11-21 09:06:03.297,300,18245,대구,大邱,Daegu,44,17326,619,42,2,754.441,13408,2021년 11월 21일 00시,null
35,2021-11-21 09:06:03.297,178,15317,부산,釜山,Busan,86,14223,916,86,0,451.57,13407,2021년 11월 21일 00시,null
36,2021-11-21 09:06:03.297,952,140470,서울,首尔,Seoul,1320,122599,16919,1315,5,1452.868,13406,2021년 11월 21일 00시,null
37,2021-11-21 09:06:03.296,3274,415425,합계,合计,Total,3120,375755,36396,3098,22,801.53,13405,2021년 11월 21일 00시,null
38,2021-11-20 08:51:46.4,16,6394,검역,隔離區,Lazaretto,6,6244,134,0,6,-,13404,2021년 11월 20일 00시,null
39,2021-11-20 08:51:46.4,9,3432,제주,济州,Jeju,23,3201,222,23,0,509,13403,2021년 11월 20일 00시,null
40,2021-11-20 08:51:46.4,47,14226,경남,庆南,Gyeongsangnam-do,79,13384,795,79,0,426,13402,2021년 11월 20일 00시,null
41,2021-11-20 08:51:46.4,100,10539,경북,庆北,Gyeongsangbuk-do,35,10014,425,35,0,399,13401,2021년 11월 20일 00시,null
42,2021-11-20 08:51:46.399,25,4077,전남,全南,Jeollanam-do,66,3714,338,66,0,220,13400,2021년 11월 20일 00시,null
43,2021-11-20 08:51:46.399,70,5908,전북,全北,Jeollabuk-do,32,5368,470,32,0,327,13399,2021년 11월 20일 00시,null
44,2021-11-20 08:51:46.399,74,11938,충남,忠南,Chungcheongnam-do,74,11119,745,73,1,563,13398,2021년 11월 20일 00시,null
45,2021-11-20 08:51:46.399,89,8519,충북,忠北,Chungcheongbuk-do,34,8172,258,34,0,532,13397,2021년 11월 20일 00시,null
46,2021-11-20 08:51:46.399,69,7943,강원,江原,Gangwon-do,59,7396,478,59,0,515,13396,2021년 11월 20일 00시,null
47,2021-11-20 08:51:46.398,1061,123466,경기,京畿,Gyeonggi-do,993,112206,10199,988,5,920,13395,2021년 11월 20일 00시,null
48,2021-11-20 08:51:46.398,2,1445,세종,世宗,Sejong,7,1382,61,7,0,406,13394,2021년 11월 20일 00시,null
49,2021-11-20 08:51:46.398,57,5561,울산,蔚山,Ulsan,5,5433,71,5,0,490,13393,2021년 11월 20일 00시,null
50,2021-11-20 08:51:46.398,56,8086,대전,大田,Daejeon,32,7676,354,32,0,552,13392,2021년 11월 20일 00시,null
51,2021-11-20 08:51:46.398,29,5791,광주,光州,Gwangju,39,5506,256,39,0,399,13391,2021년 11월 20일 00시,null
52,2021-11-20 08:51:46.397,126,22400,인천,仁川,Incheon,204,20207,2067,204,0,761,13390,2021년 11월 20일 00시,null
53,2021-11-20 08:51:46.397,296,18201,대구,大邱,Daegu,61,17284,621,61,0,753,13389,2021년 11월 20일 00시,null
54,2021-11-20 08:51:46.397,177,15231,부산,釜山,Busan,86,14162,892,85,1,449,13388,2021년 11월 20일 00시,null
55,2021-11-20 08:51:46.397,941,139154,서울,首尔,Seoul,1377,121915,16298,1372,5,1439,13387,2021년 11월 20일 00시,null
56,2021-11-20 08:51:46.396,3244,412311,합계,合计,Total,3212,374383,34684,3194,18,796,13386,2021년 11월 20일 00시,null
57,2021-11-19 08:55:12.68,16,6388,검역,隔離區,Lazaretto,12,6236,136,0,12,-,13385,2021년 11월 19일 00시,null
58,2021-11-19 08:55:12.68,9,3409,제주,济州,Jeju,31,3190,210,31,0,505,13384,2021년 11월 19일 00시,null
59,2021-11-19 08:55:12.68,47,14147,경남,庆南,Gyeongsangnam-do,78,13274,826,78,0,424,13383,2021년 11월 19일 00시,null
60,2021-11-19 08:55:12.68,100,10504,경북,庆北,Gyeongsangbuk-do,49,9951,453,49,0,398,13382,2021년 11월 19일 00시,null
61,2021-11-19 08:55:12.68,25,4011,전남,全南,Jeollanam-do,46,3705,281,46,0,217,13381,2021년 11월 19일 00시,null
62,2021-11-19 08:55:12.679,70,5876,전북,全北,Jeollabuk-do,24,5340,466,24,0,326,13380,2021년 11월 19일 00시,null
63,2021-11-19 08:55:12.679,73,11864,충남,忠南,Chungcheongnam-do,56,10914,877,56,0,559,13379,2021년 11월 19일 00시,null
64,2021-11-19 08:55:12.679,88,8485,충북,忠北,Chungcheongbuk-do,20,8113,284,20,0,530,13378,2021년 11월 19일 00시,null
65,2021-11-19 08:55:12.679,68,7884,강원,江原,Gangwon-do,72,7362,454,72,0,511,13377,2021년 11월 19일 00시,null
66,2021-11-19 08:55:12.678,1054,122473,경기,京畿,Gyeonggi-do,849,109039,12380,844,5,912,13376,2021년 11월 19일 00시,null
67,2021-11-19 08:55:12.678,2,1438,세종,世宗,Sejong,3,1380,56,3,0,404,13375,2021년 11월 19일 00시,null
68,2021-11-19 08:55:12.678,57,5556,울산,蔚山,Ulsan,4,5424,75,4,0,489,13374,2021년 11월 19일 00시,null
69,2021-11-19 08:55:12.678,56,8054,대전,大田,Daejeon,53,7628,370,53,0,550,13373,2021년 11월 19일 00시,null
70,2021-11-19 08:55:12.678,29,5752,광주,光州,Gwangju,24,5493,230,24,0,397,13372,2021년 11월 19일 00시,null
71,2021-11-19 08:55:12.677,125,22196,인천,仁川,Incheon,188,19646,2425,187,1,754,13371,2021년 11월 19일 00시,null
72,2021-11-19 08:55:12.677,295,18140,대구,大邱,Daegu,47,17236,609,47,0,750,13370,2021년 11월 19일 00시,null
73,2021-11-19 08:55:12.677,175,15145,부산,釜山,Busan,77,14112,858,76,1,446,13369,2021년 11월 19일 00시,null
74,2021-11-19 08:55:12.677,926,137777,서울,首尔,Seoul,1401,120680,16171,1397,4,1425,13368,2021년 11월 19일 00시,null
75,2021-11-19 08:55:12.676,3215,409099,합계,合计,Total,3034,368723,37161,3011,23,789,13367,2021년 11월 19일 00시,null
76,2021-11-18 08:33:17.725,16,6376,검역,隔離區,Lazaretto,7,6233,127,0,7,-,13366,2021년 11월 18일 00시,null
77,2021-11-18 08:33:17.725,9,3378,제주,济州,Jeju,28,3168,201,28,0,501,13365,2021년 11월 18일 00시,null
78,2021-11-18 08:33:17.725,46,14069,경남,庆南,Gyeongsangnam-do,98,13211,812,98,0,421,13364,2021년 11월 18일 00시,null
79,2021-11-18 08:33:17.725,99,10455,경북,庆北,Gyeongsangbuk-do,51,9895,461,50,1,396,13363,2021년 11월 18일 00시,null
80,2021-11-18 08:33:17.725,25,3965,전남,全南,Jeollanam-do,40,3683,257,40,0,214,13362,2021년 11월 18일 00시,null
81,2021-11-18 08:33:17.724,70,5852,전북,全北,Jeollabuk-do,54,5326,456,54,0,324,13361,2021년 11월 18일 00시,null
82,2021-11-18 08:33:17.724,72,11808,충남,忠南,Chungcheongnam-do,82,10869,867,80,2,557,13360,2021년 11월 18일 00시,null
83,2021-11-18 08:33:17.724,88,8465,충북,忠北,Chungcheongbuk-do,26,8085,292,26,0,529,13359,2021년 11월 18일 00시,null
84,2021-11-18 08:33:17.724,68,7812,강원,江原,Gangwon-do,62,7340,404,61,1,506,13358,2021년 11월 18일 00시,null
85,2021-11-18 08:33:17.723,1047,121624,경기,京畿,Gyeonggi-do,967,108892,11685,965,2,906,13357,2021년 11월 18일 00시,null
86,2021-11-18 08:33:17.723,2,1435,세종,世宗,Sejong,10,1377,56,10,0,403,13356,2021년 11월 18일 00시,null
87,2021-11-18 08:33:17.723,57,5552,울산,蔚山,Ulsan,10,5419,76,9,1,489,13355,2021년 11월 18일 00시,null
88,2021-11-18 08:33:17.723,56,8001,대전,大田,Daejeon,36,7610,335,36,0,547,13354,2021년 11월 18일 00시,null
89,2021-11-18 08:33:17.723,29,5728,광주,光州,Gwangju,34,5468,231,34,0,395,13353,2021년 11월 18일 00시,null
90,2021-11-18 08:33:17.722,123,22008,인천,仁川,Incheon,195,19577,2308,195,0,748,13352,2021년 11월 18일 00시,null
91,2021-11-18 08:33:17.722,293,18093,대구,大邱,Daegu,73,17178,622,73,0,748,13351,2021년 11월 18일 00시,null
92,2021-11-18 08:33:17.722,175,15068,부산,釜山,Busan,90,14071,822,90,0,444,13350,2021년 11월 18일 00시,null
93,2021-11-18 08:33:17.722,912,136376,서울,首尔,Seoul,1429,120176,15288,1423,6,1411,13349,2021년 11월 18일 00시,null
94,2021-11-18 08:33:17.722,3187,406065,합계,合计,Total,3292,367578,35300,3272,20,783,13348,2021년 11월 18일 00시,null
95,2021-11-17 08:45:32.279,16,6369,검역,隔離區,Lazaretto,5,6231,122,0,5,-,13347,2021년 11월 17일 00시,null
96,2021-11-17 08:45:32.278,8,3350,제주,济州,Jeju,23,3156,186,23,0,497,13346,2021년 11월 17일 00시,null
97,2021-11-17 08:45:32.278,46,13971,경남,庆南,Gyeongsangnam-do,66,13170,755,66,0,418,13345,2021년 11월 17일 00시,null
98,2021-11-17 08:45:32.278,98,10404,경북,庆北,Gyeongsangbuk-do,26,9834,472,26,0,394,13344,2021년 11월 17일 00시,null
99,2021-11-17 08:45:32.278,25,3925,전남,全南,Jeollanam-do,36,3661,239,36,0,212,13343,2021년 11월 17일 00시,null
100,2021-11-17 08:45:32.278,70,5798,전북,全北,Jeollabuk-do,50,5299,429,50,0,321,13342,2021년 11월 17일 00시,null
101,2021-11-17 08:45:32.277,68,11726,충남,忠南,Chungcheongnam-do,71,10813,845,70,1,553,13341,2021년 11월 17일 00시,null
102,2021-11-17 08:45:32.277,88,8439,충북,忠北,Chungcheongbuk-do,28,8052,299,28,0,527,13340,2021년 11월 17일 00시,null
103,2021-11-17 08:45:32.277,68,7750,강원,江原,Gangwon-do,54,7318,364,53,1,502,13339,2021년 11월 17일 00시,null
104,2021-11-17 08:45:32.277,1043,120658,경기,京畿,Gyeonggi-do,964,108654,10961,956,8,899,13338,2021년 11월 17일 00시,null
105,2021-11-17 08:45:32.276,2,1425,세종,世宗,Sejong,16,1376,47,16,0,400,13337,2021년 11월 17일 00시,null
106,2021-11-17 08:45:32.276,57,5542,울산,蔚山,Ulsan,14,5418,67,14,0,488,13336,2021년 11월 17일 00시,null
107,2021-11-17 08:45:32.276,56,7965,대전,大田,Daejeon,46,7587,322,46,0,544,13335,2021년 11월 17일 00시,null
108,2021-11-17 08:45:32.276,29,5694,광주,光州,Gwangju,34,5443,222,33,1,393,13334,2021년 11월 17일 00시,null
109,2021-11-17 08:45:32.275,121,21813,인천,仁川,Incheon,159,19530,2162,157,2,741,13333,2021년 11월 17일 00시,null
110,2021-11-17 08:45:32.275,291,18020,대구,大邱,Daegu,56,17148,581,54,2,745,13332,2021년 11월 17일 00시,null
111,2021-11-17 08:45:32.275,174,14978,부산,釜山,Busan,103,14028,776,103,0,442,13331,2021년 11월 17일 00시,null
112,2021-11-17 08:45:32.275,898,134948,서울,首尔,Seoul,1436,119371,14679,1432,4,1396,13330,2021년 11월 17일 00시,null
113,2021-11-17 08:45:32.274,3158,402775,합계,合计,Total,3187,366089,33528,3163,24,777,13329,2021년 11월 17일 00시,null
114,2021-11-16 08:46:07.652,16,6364,검역,隔離區,Lazaretto,1,6219,129,0,1,-,13328,2021년 11월 16일 00시,null
115,2021-11-16 08:46:07.652,7,3327,제주,济州,Jeju,43,3140,180,43,0,493,13327,2021년 11월 16일 00시,null
116,2021-11-16 08:46:07.652,46,13905,경남,庆南,Gyeongsangnam-do,45,13127,732,45,0,416,13326,2021년 11월 16일 00시,null
117,2021-11-16 08:46:07.652,98,10378,경북,庆北,Gyeongsangbuk-do,9,9767,513,9,0,393,13325,2021년 11월 16일 00시,null
118,2021-11-16 08:46:07.651,25,3889,전남,全南,Jeollanam-do,29,3630,234,29,0,210,13324,2021년 11월 16일 00시,null
119,2021-11-16 08:46:07.651,69,5748,전북,全北,Jeollabuk-do,56,5271,408,55,1,319,13323,2021년 11월 16일 00시,null
120,2021-11-16 08:46:07.651,68,11655,충남,忠南,Chungcheongnam-do,42,10772,815,42,0,549,13322,2021년 11월 16일 00시,null
121,2021-11-16 08:46:07.651,88,8411,충북,忠北,Chungcheongbuk-do,28,8018,305,28,0,525,13321,2021년 11월 16일 00시,null
122,2021-11-16 08:46:07.65,68,7696,강원,江原,Gangwon-do,51,7290,338,51,0,499,13320,2021년 11월 16일 00시,null
123,2021-11-16 08:46:07.65,1036,119695,경기,京畿,Gyeonggi-do,658,108390,10269,653,5,891,13319,2021년 11월 16일 00시,null
124,2021-11-16 08:46:07.65,2,1409,세종,世宗,Sejong,6,1375,32,6,0,396,13318,2021년 11월 16일 00시,null
125,2021-11-16 08:46:07.65,57,5528,울산,蔚山,Ulsan,9,5412,59,9,0,487,13317,2021년 11월 16일 00시,null
126,2021-11-16 08:46:07.65,56,7920,대전,大田,Daejeon,35,7575,289,35,0,541,13316,2021년 11월 16일 00시,null
127,2021-11-16 08:46:07.649,29,5660,광주,光州,Gwangju,11,5432,199,11,0,390,13315,2021년 11월 16일 00시,null
128,2021-11-16 08:46:07.649,120,21654,인천,仁川,Incheon,131,19456,2078,131,0,736,13314,2021년 11월 16일 00시,null
129,2021-11-16 08:46:07.649,290,17964,대구,大邱,Daegu,38,17095,579,38,0,743,13313,2021년 11월 16일 00시,null
130,2021-11-16 08:46:07.649,172,14875,부산,釜山,Busan,87,13964,739,86,1,439,13312,2021년 11월 16일 00시,null
131,2021-11-16 08:46:07.648,890,133513,서울,首尔,Seoul,846,118566,14057,839,7,1381,13311,2021년 11월 16일 00시,null
132,2021-11-16 08:46:07.648,3137,399591,합계,合计,Total,2125,364499,31955,2110,15,771,13310,2021년 11월 16일 00시,null
133,2021-11-15 09:43:21.875,16,6363,검역,隔離區,Lazaretto,5,6219,128,0,5,-,13309,2021년 11월 15일 00시,null
134,2021-11-15 09:43:21.875,7,3284,제주,济州,Jeju,10,3136,141,10,0,487,13308,2021년 11월 15일 00시,null
135,2021-11-15 09:43:21.875,45,13860,경남,庆南,Gyeongsangnam-do,46,13079,736,44,2,415,13307,2021년 11월 15일 00시,null
136,2021-11-15 09:43:21.874,98,10369,경북,庆北,Gyeongsangbuk-do,34,9718,553,34,0,393,13306,2021년 11월 15일 00시,null
137,2021-11-15 09:43:21.874,24,3860,전남,全南,Jeollanam-do,19,3595,241,19,0,208,13305,2021년 11월 15일 00시,null
138,2021-11-15 09:43:21.874,69,5692,전북,全北,Jeollabuk-do,38,5241,382,38,0,316,13304,2021년 11월 15일 00시,null
139,2021-11-15 09:43:21.874,68,11613,충남,忠南,Chungcheongnam-do,57,10673,872,57,0,548,13303,2021년 11월 15일 00시,null
140,2021-11-15 09:43:21.873,87,8383,충북,忠北,Chungcheongbuk-do,18,7966,330,18,0,524,13302,2021년 11월 15일 00시,null
141,2021-11-15 09:43:21.873,68,7645,강원,江原,Gangwon-do,35,7237,340,35,0,496,13301,2021년 11월 15일 00시,null
142,2021-11-15 09:43:21.873,1030,119036,경기,京畿,Gyeonggi-do,602,108075,9931,596,6,887,13300,2021년 11월 15일 00시,null
143,2021-11-15 09:43:21.873,2,1403,세종,世宗,Sejong,1,1374,27,1,0,394,13299,2021년 11월 15일 00시,null
144,2021-11-15 09:43:21.873,57,5519,울산,蔚山,Ulsan,4,5404,58,3,1,486,13298,2021년 11월 15일 00시,null
145,2021-11-15 09:43:21.872,56,7885,대전,大田,Daejeon,33,7556,273,33,0,539,13297,2021년 11월 15일 00시,null
146,2021-11-15 09:43:21.872,29,5649,광주,光州,Gwangju,26,5412,208,25,1,390,13296,2021년 11월 15일 00시,null
147,2021-11-15 09:43:21.872,119,21523,인천,仁川,Incheon,102,19379,2025,102,0,731,13295,2021년 11월 15일 00시,null
148,2021-11-15 09:43:21.872,290,17926,대구,大邱,Daegu,49,17063,573,48,1,741,13294,2021년 11월 15일 00시,null
149,2021-11-15 09:43:21.871,171,14788,부산,釜山,Busan,68,13919,698,67,1,436,13293,2021년 11월 15일 00시,null
150,2021-11-15 09:43:21.871,879,132668,서울,首尔,Seoul,859,117788,14001,856,3,1372,13292,2021년 11월 15일 00시,null
151,2021-11-15 09:43:21.871,3115,397466,합계,合计,Total,2006,362834,31517,1986,20,767,13291,2021년 11월 15일 00시,null
152,2021-11-14 09:40:13.21,16,6358,검역,隔離區,Lazaretto,3,6219,123,0,3,-,13290,2021년 11월 14일 00시,null
153,2021-11-14 09:40:13.21,7,3274,제주,济州,Jeju,14,3125,142,14,0,485,13289,2021년 11월 14일 00시,null
154,2021-11-14 09:40:13.21,45,13814,경남,庆南,Gyeongsangnam-do,44,13052,717,44,0,414,13288,2021년 11월 14일 00시,null
155,2021-11-14 09:40:13.209,98,10335,경북,庆北,Gyeongsangbuk-do,42,9682,555,41,1,392,13287,2021년 11월 14일 00시,null
156,2021-11-14 09:40:13.209,24,3841,전남,全南,Jeollanam-do,26,3588,229,26,0,207,13286,2021년 11월 14일 00시,null
157,2021-11-14 09:40:13.209,69,5654,전북,全北,Jeollabuk-do,44,5226,359,44,0,313,13285,2021년 11월 14일 00시,null
158,2021-11-14 09:40:13.209,68,11556,충남,忠南,Chungcheongnam-do,54,10646,842,53,1,545,13284,2021년 11월 14일 00시,null
159,2021-11-14 09:40:13.209,87,8365,충북,忠北,Chungcheongbuk-do,27,7937,341,27,0,523,13283,2021년 11월 14일 00시,null
160,2021-11-14 09:40:13.208,68,7610,강원,江原,Gangwon-do,31,7230,312,31,0,493,13282,2021년 11월 14일 00시,null
161,2021-11-14 09:40:13.208,1023,118434,경기,京畿,Gyeonggi-do,800,107188,10223,797,3,882,13281,2021년 11월 14일 00시,null
162,2021-11-14 09:40:13.208,2,1402,세종,世宗,Sejong,2,1373,27,2,0,394,13280,2021년 11월 14일 00시,null
163,2021-11-14 09:40:13.208,57,5515,울산,蔚山,Ulsan,7,5399,59,7,0,485,13279,2021년 11월 14일 00시,null
164,2021-11-14 09:40:13.207,56,7852,대전,大田,Daejeon,18,7549,247,18,0,536,13278,2021년 11월 14일 00시,null
165,2021-11-14 09:40:13.207,29,5623,광주,光州,Gwangju,19,5398,196,19,0,388,13277,2021년 11월 14일 00시,null
166,2021-11-14 09:40:13.207,118,21421,인천,仁川,Incheon,156,19305,1998,155,1,728,13276,2021년 11월 14일 00시,null
167,2021-11-14 09:40:13.207,289,17877,대구,大邱,Daegu,72,17033,555,72,0,739,13275,2021년 11월 14일 00시,null
168,2021-11-14 09:40:13.207,171,14720,부산,釜山,Busan,82,13866,683,82,0,434,13274,2021년 11월 14일 00시,null
169,2021-11-14 09:40:13.206,876,131809,서울,首尔,Seoul,978,117075,13858,969,9,1363,13273,2021년 11월 14일 00시,null
170,2021-11-14 09:40:13.206,3103,395460,합계,合计,Total,2419,360891,31466,2401,18,763,13272,2021년 11월 14일 00시,null
171,2021-11-13 09:34:07.842,16,6355,검역,隔離區,Lazaretto,4,6207,132,0,4,-,13271,2021년 11월 13일 00시,null
172,2021-11-13 09:34:07.842,5,3260,제주,济州,Jeju,15,3113,142,15,0,483,13270,2021년 11월 13일 00시,null
173,2021-11-13 09:34:07.842,44,13770,경남,庆南,Gyeongsangnam-do,41,13005,721,41,0,412,13269,2021년 11월 13일 00시,null
174,2021-11-13 09:34:07.842,97,10293,경북,庆北,Gyeongsangbuk-do,35,9649,547,35,0,390,13268,2021년 11월 13일 00시,null
175,2021-11-13 09:34:07.842,24,3815,전남,全南,Jeollanam-do,19,3562,229,19,0,206,13267,2021년 11월 13일 00시,null
176,2021-11-13 09:34:07.841,69,5611,전북,全北,Jeollabuk-do,59,5195,347,59,0,311,13266,2021년 11월 13일 00시,null
177,2021-11-13 09:34:07.841,68,11502,충남,忠南,Chungcheongnam-do,77,10571,863,76,1,542,13265,2021년 11월 13일 00시,null
178,2021-11-13 09:34:07.841,87,8338,충북,忠北,Chungcheongbuk-do,23,7889,362,23,0,521,13264,2021년 11월 13일 00시,null
179,2021-11-13 09:34:07.841,68,7579,강원,江原,Gangwon-do,31,7203,308,31,0,491,13263,2021년 11월 13일 00시,null
180,2021-11-13 09:34:07.84,1018,117634,경기,京畿,Gyeonggi-do,648,106973,9643,644,4,876,13262,2021년 11월 13일 00시,null
181,2021-11-13 09:34:07.84,2,1400,세종,世宗,Sejong,1,1373,25,1,0,393,13261,2021년 11월 13일 00시,null
182,2021-11-13 09:34:07.84,57,5508,울산,蔚山,Ulsan,1,5392,59,1,0,485,13260,2021년 11월 13일 00시,null
183,2021-11-13 09:34:07.84,56,7834,대전,大田,Daejeon,32,7525,253,32,0,535,13259,2021년 11월 13일 00시,null
184,2021-11-13 09:34:07.839,29,5604,광주,光州,Gwangju,31,5380,195,31,0,386,13258,2021년 11월 13일 00시,null
185,2021-11-13 09:34:07.839,118,21265,인천,仁川,Incheon,166,19120,2027,165,1,723,13257,2021년 11월 13일 00시,null
186,2021-11-13 09:34:07.839,285,17805,대구,大邱,Daegu,73,16970,550,73,0,736,13256,2021년 11월 13일 00시,null
187,2021-11-13 09:34:07.839,171,14638,부산,釜山,Busan,64,13799,668,64,0,432,13255,2021년 11월 13일 00시,null
188,2021-11-13 09:34:07.838,869,130831,서울,首尔,Seoul,1005,116627,13335,1001,4,1353,13254,2021년 11월 13일 00시,null
189,2021-11-13 09:34:07.838,3083,393042,합계,合计,Total,2325,359553,30406,2311,14,758,13253,2021년 11월 13일 00시,null
190,2021-11-12 09:27:26.293,16,6351,검역,隔離區,Lazaretto,4,6205,130,0,4,-,13252,2021년 11월 12일 00시,null
191,2021-11-12 09:27:26.293,5,3245,제주,济州,Jeju,21,3102,138,21,0,481,13251,2021년 11월 12일 00시,null
192,2021-11-12 09:27:26.293,44,13729,경남,庆南,Gyeongsangnam-do,68,12915,770,68,0,411,13250,2021년 11월 12일 00시,null
193,2021-11-12 09:27:26.292,96,10258,경북,庆北,Gyeongsangbuk-do,41,9616,546,41,0,389,13249,2021년 11월 12일 00시,null
194,2021-11-12 09:27:26.292,22,3796,전남,全南,Jeollanam-do,15,3539,235,15,0,205,13248,2021년 11월 12일 00시,null
195,2021-11-12 09:27:26.292,69,5553,전북,全北,Jeollabuk-do,65,5144,340,65,0,308,13247,2021년 11월 12일 00시,null
196,2021-11-12 09:27:26.292,68,11425,충남,忠南,Chungcheongnam-do,59,10489,868,59,0,539,13246,2021년 11월 12일 00시,null
197,2021-11-12 09:27:26.291,87,8315,충북,忠北,Chungcheongbuk-do,26,7850,378,26,0,519,13245,2021년 11월 12일 00시,null
198,2021-11-12 09:27:26.291,68,7548,강원,江原,Gangwon-do,30,7167,313,30,0,489,13244,2021년 11월 12일 00시,null
199,2021-11-12 09:27:26.291,1003,116986,경기,京畿,Gyeonggi-do,791,105668,10315,790,1,871,13243,2021년 11월 12일 00시,null
200,2021-11-12 09:27:26.291,2,1399,세종,世宗,Sejong,6,1369,28,6,0,393,13242,2021년 11월 12일 00시,null
201,2021-11-12 09:27:26.291,57,5507,울산,蔚山,Ulsan,4,5387,63,4,0,485,13241,2021년 11월 12일 00시,null
202,2021-11-12 09:27:26.29,56,7802,대전,大田,Daejeon,25,7502,244,25,0,533,13240,2021년 11월 12일 00시,null
203,2021-11-12 09:27:26.29,29,5573,광주,光州,Gwangju,11,5367,177,11,0,384,13239,2021년 11월 12일 00시,null
204,2021-11-12 09:27:26.29,114,21099,인천,仁川,Incheon,120,18944,2041,120,0,717,13238,2021년 11월 12일 00시,null
205,2021-11-12 09:27:26.29,284,17732,대구,大邱,Daegu,70,16904,544,70,0,733,13237,2021년 11월 12일 00시,null
206,2021-11-12 09:27:26.289,170,14574,부산,釜山,Busan,63,13753,651,63,0,430,13236,2021년 11월 12일 00시,null
207,2021-11-12 09:27:26.289,861,129827,서울,首尔,Seoul,949,115694,13272,944,5,1343,13235,2021년 11월 12일 00시,null
208,2021-11-12 09:27:26.289,3051,390719,합계,合计,Total,2368,356615,31053,2358,10,754,13234,2021년 11월 12일 00시,null
209,2021-11-11 09:27:31.882,16,6347,검역,隔離區,Lazaretto,13,6205,126,0,13,-,13233,2021년 11월 11일 00시,null
210,2021-11-11 09:27:31.882,5,3224,제주,济州,Jeju,14,3100,119,14,0,478,13232,2021년 11월 11일 00시,null
211,2021-11-11 09:27:31.881,44,13661,경남,庆南,Gyeongsangnam-do,76,12875,742,76,0,409,13231,2021년 11월 11일 00시,null
212,2021-11-11 09:27:31.881,96,10217,경북,庆北,Gyeongsangbuk-do,33,9584,537,33,0,387,13230,2021년 11월 11일 00시,null
213,2021-11-11 09:27:31.881,22,3781,전남,全南,Jeollanam-do,17,3524,235,17,0,204,13229,2021년 11월 11일 00시,null
214,2021-11-11 09:27:31.881,69,5488,전북,全北,Jeollabuk-do,39,5129,290,39,0,304,13228,2021년 11월 11일 00시,null
215,2021-11-11 09:27:31.881,66,11366,충남,忠南,Chungcheongnam-do,50,10453,847,50,0,536,13227,2021년 11월 11일 00시,null
216,2021-11-11 09:27:31.88,87,8289,충북,忠北,Chungcheongbuk-do,34,7824,378,34,0,518,13226,2021년 11월 11일 00시,null
217,2021-11-11 09:27:31.88,68,7518,강원,江原,Gangwon-do,29,7132,318,28,1,487,13225,2021년 11월 11일 00시,null
218,2021-11-11 09:27:31.88,996,116195,경기,京畿,Gyeonggi-do,821,105090,10109,816,5,865,13224,2021년 11월 11일 00시,null
219,2021-11-11 09:27:31.88,2,1393,세종,世宗,Sejong,6,1365,26,6,0,391,13223,2021년 11월 11일 00시,null
220,2021-11-11 09:27:31.88,57,5503,울산,蔚山,Ulsan,20,5380,66,20,0,484,13222,2021년 11월 11일 00시,null
221,2021-11-11 09:27:31.879,56,7777,대전,大田,Daejeon,34,7487,234,34,0,531,13221,2021년 11월 11일 00시,null
222,2021-11-11 09:27:31.879,29,5562,광주,光州,Gwangju,32,5356,177,32,0,384,13220,2021년 11월 11일 00시,null
223,2021-11-11 09:27:31.879,113,20979,인천,仁川,Incheon,187,18883,1983,186,1,713,13219,2021년 11월 11일 00시,null
224,2021-11-11 09:27:31.879,283,17662,대구,大邱,Daegu,42,16852,527,42,0,730,13218,2021년 11월 11일 00시,null
225,2021-11-11 09:27:31.878,169,14511,부산,釜山,Busan,69,13698,644,68,1,428,13217,2021년 11월 11일 00시,null
226,2021-11-11 09:27:31.878,855,128878,서울,首尔,Seoul,1004,115077,12946,999,5,1333,13216,2021년 11월 11일 00시,null
227,2021-11-11 09:27:31.878,3033,388351,합계,合计,Total,2520,355014,30304,2494,26,749,13215,2021년 11월 11일 00시,null
228,2021-11-10 09:28:47.491,16,6334,검역,隔離區,Lazaretto,3,6203,115,0,3,-,13214,2021년 11월 10일 00시,null
229,2021-11-10 09:28:47.491,5,3210,제주,济州,Jeju,11,3098,107,11,0,476,13213,2021년 11월 10일 00시,null
230,2021-11-10 09:28:47.491,44,13585,경남,庆南,Gyeongsangnam-do,60,12800,741,60,0,407,13212,2021년 11월 10일 00시,null
231,2021-11-10 09:28:47.491,95,10184,경북,庆北,Gyeongsangbuk-do,36,9550,539,36,0,386,13211,2021년 11월 10일 00시,null
232,2021-11-10 09:28:47.49,22,3764,전남,全南,Jeollanam-do,7,3488,254,7,0,203,13210,2021년 11월 10일 00시,null
233,2021-11-10 09:28:47.49,69,5449,전북,全北,Jeollabuk-do,36,5113,267,35,1,302,13209,2021년 11월 10일 00시,null
234,2021-11-10 09:28:47.49,66,11316,충남,忠南,Chungcheongnam-do,58,10418,832,57,1,534,13208,2021년 11월 10일 00시,null
235,2021-11-10 09:28:47.49,87,8255,충북,忠北,Chungcheongbuk-do,31,7795,373,31,0,516,13207,2021년 11월 10일 00시,null
236,2021-11-10 09:28:47.49,68,7489,강원,江原,Gangwon-do,23,7112,309,23,0,485,13206,2021년 11월 10일 00시,null
237,2021-11-10 09:28:47.489,989,115374,경기,京畿,Gyeonggi-do,867,104151,10234,863,4,859,13205,2021년 11월 10일 00시,null
238,2021-11-10 09:28:47.489,2,1387,세종,世宗,Sejong,4,1363,22,4,0,390,13204,2021년 11월 10일 00시,null
239,2021-11-10 09:28:47.489,57,5483,울산,蔚山,Ulsan,5,5367,59,5,0,483,13203,2021년 11월 10일 00시,null
240,2021-11-10 09:28:47.489,56,7743,대전,大田,Daejeon,23,7472,215,23,0,529,13202,2021년 11월 10일 00시,null
241,2021-11-10 09:28:47.488,29,5530,광주,光州,Gwangju,22,5341,160,22,0,381,13201,2021년 11월 10일 00시,null
242,2021-11-10 09:28:47.488,113,20792,인천,仁川,Incheon,159,18727,1952,159,0,707,13200,2021년 11월 10일 00시,null
243,2021-11-10 09:28:47.488,281,17620,대구,大邱,Daegu,33,16788,551,33,0,729,13199,2021년 11월 10일 00시,null
244,2021-11-10 09:28:47.487,169,14442,부산,釜山,Busan,74,13651,622,73,1,426,13198,2021년 11월 10일 00시,null
245,2021-11-10 09:28:47.487,844,127874,서울,首尔,Seoul,973,114503,12527,967,6,1323,13197,2021년 11월 10일 00시,null
246,2021-11-10 09:28:47.487,3012,385831,합계,合计,Total,2425,352940,29879,2409,16,744,13196,2021년 11월 10일 00시,null
247,2021-11-09 09:24:31.121,16,6331,검역,隔離區,Lazaretto,5,6183,132,0,5,-,13195,2021년 11월 09일 00시,null
248,2021-11-09 09:24:31.121,5,3199,제주,济州,Jeju,20,3097,97,20,0,474,13194,2021년 11월 09일 00시,null
249,2021-11-09 09:24:31.121,44,13525,경남,庆南,Gyeongsangnam-do,77,12737,744,76,1,405,13193,2021년 11월 09일 00시,null
250,2021-11-09 09:24:31.121,95,10148,경북,庆北,Gyeongsangbuk-do,48,9501,552,48,0,384,13192,2021년 11월 09일 00시,null
251,2021-11-09 09:24:31.12,22,3757,전남,全南,Jeollanam-do,21,3463,272,21,0,203,13191,2021년 11월 09일 00시,null
252,2021-11-09 09:24:31.12,69,5413,전북,全北,Jeollabuk-do,12,5081,263,11,1,300,13190,2021년 11월 09일 00시,null
253,2021-11-09 09:24:31.12,66,11258,충남,忠南,Chungcheongnam-do,60,10345,847,60,0,531,13189,2021년 11월 09일 00시,null
254,2021-11-09 09:24:31.12,86,8224,충북,忠北,Chungcheongbuk-do,17,7764,374,17,0,514,13188,2021년 11월 09일 00시,null
255,2021-11-09 09:24:31.12,68,7466,강원,江原,Gangwon-do,21,7097,301,21,0,484,13187,2021년 11월 09일 00시,null
256,2021-11-09 09:24:31.119,982,114508,경기,京畿,Gyeonggi-do,528,103517,10009,524,4,853,13186,2021년 11월 09일 00시,null
257,2021-11-09 09:24:31.119,2,1383,세종,世宗,Sejong,3,1359,22,3,0,389,13185,2021년 11월 09일 00시,null
258,2021-11-09 09:24:31.119,56,5478,울산,蔚山,Ulsan,4,5360,62,4,0,482,13184,2021년 11월 09일 00시,null
259,2021-11-09 09:24:31.119,56,7720,대전,大田,Daejeon,25,7455,209,24,1,527,13183,2021년 11월 09일 00시,null
260,2021-11-09 09:24:31.119,29,5508,광주,光州,Gwangju,11,5322,157,11,0,380,13182,2021년 11월 09일 00시,null
261,2021-11-09 09:24:31.119,112,20633,인천,仁川,Incheon,111,18586,1935,110,1,701,13181,2021년 11월 09일 00시,null
262,2021-11-09 09:24:31.119,281,17587,대구,大邱,Daegu,44,16721,585,43,1,727,13180,2021년 11월 09일 00시,null
263,2021-11-09 09:24:31.118,169,14368,부산,釜山,Busan,46,13613,586,46,0,424,13179,2021년 11월 09일 00시,null
264,2021-11-09 09:24:31.118,840,126901,서울,首尔,Seoul,662,113457,12604,659,3,1313,13178,2021년 11월 09일 00시,null
265,2021-11-09 09:24:31.118,2998,383407,합계,合计,Total,1715,350658,29751,1698,17,740,13177,2021년 11월 09일 00시,null
266,2021-11-08 09:29:46.818,16,6326,검역,隔離區,Lazaretto,4,6179,131,0,4,-,13176,2021년 11월 08일 00시,null
267,2021-11-08 09:29:46.818,4,3179,제주,济州,Jeju,16,3088,87,16,0,471,13175,2021년 11월 08일 00시,null
268,2021-11-08 09:29:46.818,44,13448,경남,庆南,Gyeongsangnam-do,40,12700,704,39,1,403,13174,2021년 11월 08일 00시,null
269,2021-11-08 09:29:46.817,95,10100,경북,庆北,Gyeongsangbuk-do,60,9462,543,57,3,383,13173,2021년 11월 08일 00시,null
270,2021-11-08 09:29:46.817,22,3736,전남,全南,Jeollanam-do,17,3452,262,17,0,202,13172,2021년 11월 08일 00시,null
271,2021-11-08 09:29:46.817,69,5401,전북,全北,Jeollabuk-do,21,5039,293,21,0,299,13171,2021년 11월 08일 00시,null
272,2021-11-08 09:29:46.817,65,11198,충남,忠南,Chungcheongnam-do,62,10270,863,62,0,528,13170,2021년 11월 08일 00시,null
273,2021-11-08 09:29:46.817,85,8207,충북,忠北,Chungcheongbuk-do,35,7728,394,33,2,513,13169,2021년 11월 08일 00시,null
274,2021-11-08 09:29:46.817,68,7445,강원,江原,Gangwon-do,30,7062,315,30,0,483,13168,2021년 11월 08일 00시,null
275,2021-11-08 09:29:46.816,976,113980,경기,京畿,Gyeonggi-do,544,102353,10651,538,6,849,13167,2021년 11월 08일 00시,null
276,2021-11-08 09:29:46.816,2,1380,세종,世宗,Sejong,1,1354,24,1,0,388,13166,2021년 11월 08일 00시,null
277,2021-11-08 09:29:46.816,56,5474,울산,蔚山,Ulsan,5,5357,61,5,0,482,13165,2021년 11월 08일 00시,null
278,2021-11-08 09:29:46.816,55,7695,대전,大田,Daejeon,22,7436,204,22,0,526,13164,2021년 11월 08일 00시,null
279,2021-11-08 09:29:46.816,29,5497,광주,光州,Gwangju,28,5310,158,28,0,379,13163,2021년 11월 08일 00시,null
280,2021-11-08 09:29:46.816,112,20522,인천,仁川,Incheon,98,18365,2045,97,1,697,13162,2021년 11월 08일 00시,null
281,2021-11-08 09:29:46.815,280,17543,대구,大邱,Daegu,34,16642,621,34,0,725,13161,2021년 11월 08일 00시,null
282,2021-11-08 09:29:46.815,169,14322,부산,釜山,Busan,34,13588,565,33,1,422,13160,2021년 11월 08일 00시,null
283,2021-11-08 09:29:46.815,833,126241,서울,首尔,Seoul,709,112414,12994,700,9,1306,13159,2021년 11월 08일 00시,null
284,2021-11-08 09:29:46.815,2980,381694,합계,合计,Total,1760,347799,30915,1733,27,736,13158,2021년 11월 08일 00시,null
285,2021-11-07 09:29:23.84,16,6322,검역,隔離區,Lazaretto,2,6179,127,0,2,-,13157,2021년 11월 07일 00시,null
286,2021-11-07 09:29:23.84,4,3163,제주,济州,Jeju,14,3083,76,14,0,469,13156,2021년 11월 07일 00시,null
287,2021-11-07 09:29:23.84,44,13408,경남,庆南,Gyeongsangnam-do,46,12675,689,44,2,401,13155,2021년 11월 07일 00시,null
288,2021-11-07 09:29:23.84,95,10040,경북,庆北,Gyeongsangbuk-do,94,9431,514,94,0,380,13154,2021년 11월 07일 00시,null
289,2021-11-07 09:29:23.839,22,3719,전남,全南,Jeollanam-do,31,3445,252,31,0,201,13153,2021년 11월 07일 00시,null
290,2021-11-07 09:29:23.839,69,5380,전북,全北,Jeollabuk-do,22,5001,310,22,0,298,13152,2021년 11월 07일 00시,null
291,2021-11-07 09:29:23.839,65,11136,충남,忠南,Chungcheongnam-do,66,10233,838,66,0,525,13151,2021년 11월 07일 00시,null
292,2021-11-07 09:29:23.839,85,8172,충북,忠北,Chungcheongbuk-do,54,7667,420,53,1,510,13150,2021년 11월 07일 00시,null
293,2021-11-07 09:29:23.839,67,7415,강원,江原,Gangwon-do,42,7045,303,41,1,481,13149,2021년 11월 07일 00시,null
294,2021-11-07 09:29:23.839,971,113436,경기,京畿,Gyeonggi-do,703,102161,10304,699,4,845,13148,2021년 11월 07일 00시,null
295,2021-11-07 09:29:23.839,2,1379,세종,世宗,Sejong,2,1354,23,2,0,388,13147,2021년 11월 07일 00시,null
296,2021-11-07 09:29:23.838,56,5469,울산,蔚山,Ulsan,1,5354,59,1,0,481,13146,2021년 11월 07일 00시,null
297,2021-11-07 09:29:23.838,55,7673,대전,大田,Daejeon,23,7427,191,23,0,524,13145,2021년 11월 07일 00시,null
298,2021-11-07 09:29:23.838,29,5469,광주,光州,Gwangju,20,5292,148,19,1,377,13144,2021년 11월 07일 00시,null
299,2021-11-07 09:29:23.838,111,20424,인천,仁川,Incheon,161,18303,2010,158,3,694,13143,2021년 11월 07일 00시,null
300,2021-11-07 09:29:23.838,280,17509,대구,大邱,Daegu,55,16550,679,55,0,724,13142,2021년 11월 07일 00시,null
301,2021-11-07 09:29:23.838,168,14288,부산,釜山,Busan,40,13538,582,40,0,421,13141,2021년 11월 07일 00시,null
302,2021-11-07 09:29:23.838,828,125533,서울,首尔,Seoul,848,112063,12642,842,6,1298,13140,2021년 11월 07일 00시,null
303,2021-11-07 09:29:23.837,2967,379935,합계,合计,Total,2224,346801,30167,2204,20,733,13139,2021년 11월 07일 00시,null
304,2021-11-06 09:53:06.903,16,6320,검역,隔離區,Lazaretto,8,6179,125,0,8,-,13138,2021년 11월 06일 00시,null
305,2021-11-06 09:53:06.902,4,3149,제주,济州,Jeju,4,3073,72,4,0,467,13137,2021년 11월 06일 00시,null
306,2021-11-06 09:53:06.902,44,13362,경남,庆南,Gyeongsangnam-do,73,12633,685,73,0,400,13136,2021년 11월 06일 00시,null
307,2021-11-06 09:53:06.902,95,9946,경북,庆北,Gyeongsangbuk-do,35,9399,452,33,2,377,13135,2021년 11월 06일 00시,null
308,2021-11-06 09:53:06.902,22,3688,전남,全南,Jeollanam-do,40,3440,226,40,0,199,13134,2021년 11월 06일 00시,null
309,2021-11-06 09:53:06.902,69,5358,전북,全北,Jeollabuk-do,35,4961,328,35,0,297,13133,2021년 11월 06일 00시,null
310,2021-11-06 09:53:06.902,65,11070,충남,忠南,Chungcheongnam-do,65,10171,834,62,3,522,13132,2021년 11월 06일 00시,null
311,2021-11-06 09:53:06.902,85,8118,충북,忠北,Chungcheongbuk-do,43,7606,427,43,0,507,13131,2021년 11월 06일 00시,null
312,2021-11-06 09:53:06.901,67,7373,강원,江原,Gangwon-do,42,7023,283,42,0,478,13130,2021년 11월 06일 00시,null
313,2021-11-06 09:53:06.901,968,112733,경기,京畿,Gyeonggi-do,693,101961,9804,687,6,840,13129,2021년 11월 06일 00시,null
314,2021-11-06 09:53:06.901,2,1377,세종,世宗,Sejong,2,1353,22,1,1,387,13128,2021년 11월 06일 00시,null
315,2021-11-06 09:53:06.901,56,5468,울산,蔚山,Ulsan,12,5350,62,12,0,481,13127,2021년 11월 06일 00시,null
316,2021-11-06 09:53:06.901,55,7650,대전,大田,Daejeon,21,7423,172,21,0,523,13126,2021년 11월 06일 00시,null
317,2021-11-06 09:53:06.901,29,5449,광주,光州,Gwangju,18,5292,128,16,2,376,13125,2021년 11월 06일 00시,null
318,2021-11-06 09:53:06.9,111,20264,인천,仁川,Incheon,144,18082,2071,142,2,689,13124,2021년 11월 06일 00시,null
319,2021-11-06 09:53:06.9,278,17454,대구,大邱,Daegu,38,16469,707,38,0,722,13123,2021년 11월 06일 00시,null
320,2021-11-06 09:53:06.9,168,14248,부산,釜山,Busan,59,13509,571,58,1,420,13122,2021년 11월 06일 00시,null
321,2021-11-06 09:53:06.9,822,124685,서울,首尔,Seoul,916,111642,12221,912,4,1290,13121,2021년 11월 06일 00시,null
322,2021-11-06 09:53:06.9,2956,377712,합계,合计,Total,2248,345566,29190,2219,29,729,13120,2021년 11월 06일 00시,null
323,2021-11-05 09:28:22.121,16,6312,검역,隔離區,Lazaretto,5,6168,128,0,5,-,13119,2021년 11월 05일 00시,null
324,2021-11-05 09:28:22.121,3,3145,제주,济州,Jeju,7,3073,69,6,1,466,13118,2021년 11월 05일 00시,null
325,2021-11-05 09:28:22.121,44,13289,경남,庆南,Gyeongsangnam-do,33,12584,661,33,0,398,13117,2021년 11월 05일 00시,null
326,2021-11-05 09:28:22.12,95,9911,경북,庆北,Gyeongsangbuk-do,84,9333,483,84,0,375,13116,2021년 11월 05일 00시,null
327,2021-11-05 09:28:22.12,22,3648,전남,全南,Jeollanam-do,15,3424,202,15,0,197,13115,2021년 11월 05일 00시,null
328,2021-11-05 09:28:22.12,67,5323,전북,全北,Jeollabuk-do,16,4920,336,16,0,295,13114,2021년 11월 05일 00시,null
329,2021-11-05 09:28:22.12,64,11005,충남,忠南,Chungcheongnam-do,110,10085,856,106,4,519,13113,2021년 11월 05일 00시,null
330,2021-11-05 09:28:22.12,85,8075,충북,忠北,Chungcheongbuk-do,35,7569,421,35,0,504,13112,2021년 11월 05일 00시,null
331,2021-11-05 09:28:22.12,67,7331,강원,江原,Gangwon-do,22,6999,265,22,0,475,13111,2021년 11월 05일 00시,null
332,2021-11-05 09:28:22.119,961,112040,경기,京畿,Gyeonggi-do,742,101153,9926,740,2,834,13110,2021년 11월 05일 00시,null
333,2021-11-05 09:28:22.119,2,1375,세종,世宗,Sejong,2,1352,21,2,0,386,13109,2021년 11월 05일 00시,null
334,2021-11-05 09:28:22.119,56,5456,울산,蔚山,Ulsan,5,5344,56,5,0,480,13108,2021년 11월 05일 00시,null
335,2021-11-05 09:28:22.119,55,7629,대전,大田,Daejeon,24,7408,166,24,0,521,13107,2021년 11월 05일 00시,null
336,2021-11-05 09:28:22.119,29,5431,광주,光州,Gwangju,12,5288,114,11,1,375,13106,2021년 11월 05일 00시,null
337,2021-11-05 09:28:22.119,110,20120,인천,仁川,Incheon,153,17911,2099,152,1,684,13105,2021년 11월 05일 00시,null
338,2021-11-05 09:28:22.118,275,17416,대구,大邱,Daegu,43,16422,719,43,0,720,13104,2021년 11월 05일 00시,null
339,2021-11-05 09:28:22.118,167,14189,부산,釜山,Busan,56,13470,552,56,0,418,13103,2021년 11월 05일 00시,null
340,2021-11-05 09:28:22.118,818,123769,서울,首尔,Seoul,980,110734,12217,974,6,1280,13102,2021년 11월 05일 00시,null
341,2021-11-05 09:28:22.118,2936,375464,합계,合计,Total,2344,343237,29291,2324,20,724,13101,2021년 11월 05일 00시,null
342,2021-11-04 09:28:21.585,16,6307,검역,隔離區,Lazaretto,11,6161,130,0,11,-,13100,2021년 11월 04일 00시,null
343,2021-11-04 09:28:21.585,3,3138,제주,济州,Jeju,17,3066,69,16,1,465,13099,2021년 11월 04일 00시,null
344,2021-11-04 09:28:21.585,43,13256,경남,庆南,Gyeongsangnam-do,36,12563,650,36,0,397,13098,2021년 11월 04일 00시,null
345,2021-11-04 09:28:21.585,95,9827,경북,庆北,Gyeongsangbuk-do,39,9332,400,38,1,372,13097,2021년 11월 04일 00시,null
346,2021-11-04 09:28:21.585,22,3633,전남,全南,Jeollanam-do,17,3420,191,17,0,196,13096,2021년 11월 04일 00시,null
347,2021-11-04 09:28:21.585,66,5307,전북,全北,Jeollabuk-do,38,4905,336,38,0,294,13095,2021년 11월 04일 00시,null
348,2021-11-04 09:28:21.584,62,10895,충남,忠南,Chungcheongnam-do,88,9992,841,88,0,514,13094,2021년 11월 04일 00시,null
349,2021-11-04 09:28:21.584,85,8040,충북,忠北,Chungcheongbuk-do,47,7548,407,47,0,502,13093,2021년 11월 04일 00시,null
350,2021-11-04 09:28:21.584,67,7309,강원,江原,Gangwon-do,39,6979,263,39,0,474,13092,2021년 11월 04일 00시,null
351,2021-11-04 09:28:21.584,954,111298,경기,京畿,Gyeonggi-do,873,100989,9355,868,5,829,13091,2021년 11월 04일 00시,null
352,2021-11-04 09:28:21.584,2,1373,세종,世宗,Sejong,0,1346,25,0,0,386,13090,2021년 11월 04일 00시,null
353,2021-11-04 09:28:21.584,56,5451,울산,蔚山,Ulsan,4,5336,59,4,0,480,13089,2021년 11월 04일 00시,null
354,2021-11-04 09:28:21.584,55,7605,대전,大田,Daejeon,17,7398,152,17,0,520,13088,2021년 11월 04일 00시,null
355,2021-11-04 09:28:21.583,29,5419,광주,光州,Gwangju,14,5282,108,12,2,374,13087,2021년 11월 04일 00시,null
356,2021-11-04 09:28:21.583,109,19967,인천,仁川,Incheon,171,17876,1982,168,3,678,13086,2021년 11월 04일 00시,null
357,2021-11-04 09:28:21.583,272,17373,대구,大邱,Daegu,66,16382,719,66,0,718,13085,2021년 11월 04일 00시,null
358,2021-11-04 09:28:21.583,166,14133,부산,釜山,Busan,59,13443,524,59,0,417,13084,2021년 11월 04일 00시,null
359,2021-11-04 09:28:21.583,814,122789,서울,首尔,Seoul,946,109870,12105,944,2,1270,13083,2021년 11월 04일 00시,null
360,2021-11-04 09:28:21.583,2916,373120,합계,合计,Total,2482,341888,28316,2457,25,720,13082,2021년 11월 04일 00시,null
361,2021-11-03 14:22:54.776,16,6296,검역,隔離區,Lazaretto,8,6159,121,0,8,-,13081,2021년 11월 03일 00시,null
362,2021-11-03 14:22:54.776,2,3121,제주,济州,Jeju,17,3053,66,17,0,463,13080,2021년 11월 03일 00시,null
363,2021-11-03 14:22:54.776,42,13220,경남,庆南,Gyeongsangnam-do,108,12539,639,108,0,396,13079,2021년 11월 03일 00시,null
364,2021-11-03 14:22:54.776,95,9788,경북,庆北,Gyeongsangbuk-do,31,9314,379,31,0,371,13078,2021년 11월 03일 00시,null
365,2021-11-03 14:22:54.775,22,3616,전남,全南,Jeollanam-do,21,3416,178,21,0,195,13077,2021년 11월 03일 00시,null
366,2021-11-03 14:22:54.775,66,5269,전북,全北,Jeollabuk-do,43,4875,328,43,0,292,13076,2021년 11월 03일 00시,null
367,2021-11-03 14:22:54.775,61,10807,충남,忠南,Chungcheongnam-do,91,9962,784,91,0,510,13075,2021년 11월 03일 00시,null
368,2021-11-03 14:22:54.775,84,7993,충북,忠北,Chungcheongbuk-do,48,7502,407,47,1,499,13074,2021년 11월 03일 00시,null
369,2021-11-03 14:22:54.775,67,7270,강원,江原,Gangwon-do,29,6964,239,29,0,471,13073,2021년 11월 03일 00시,null
370,2021-11-03 14:22:54.775,946,110427,경기,京畿,Gyeonggi-do,899,100698,8783,895,4,822,13072,2021년 11월 03일 00시,null
371,2021-11-03 14:22:54.774,2,1373,세종,世宗,Sejong,1,1346,25,1,0,386,13071,2021년 11월 03일 00시,null
372,2021-11-03 14:22:54.774,56,5447,울산,蔚山,Ulsan,7,5331,60,6,1,479,13070,2021년 11월 03일 00시,null
373,2021-11-03 14:22:54.774,55,7588,대전,大田,Daejeon,19,7392,141,19,0,518,13069,2021년 11월 03일 00시,null
374,2021-11-03 14:22:54.774,29,5405,광주,光州,Gwangju,12,5280,96,11,1,373,13068,2021년 11월 03일 00시,null
375,2021-11-03 14:22:54.774,109,19796,인천,仁川,Incheon,183,17742,1945,181,2,673,13067,2021년 11월 03일 00시,null
376,2021-11-03 14:22:54.774,268,17307,대구,大邱,Daegu,66,16334,705,66,0,716,13066,2021년 11월 03일 00시,null
377,2021-11-03 14:22:54.773,165,14074,부산,釜山,Busan,80,13413,496,77,3,415,13065,2021년 11월 03일 00시,null
378,2021-11-03 14:22:54.773,807,121843,서울,首尔,Seoul,1004,109151,11885,997,7,1260,13064,2021년 11월 03일 00시,null
379,2021-11-03 14:22:54.773,2892,370640,합계,合计,Total,2667,340471,27277,2640,27,715,13063,2021년 11월 03일 00시,null
380,2021-11-02 09:30:50.554,16,6288,검역,隔離區,Lazaretto,1,6152,120,0,1,-,13043,2021년 11월 02일 00시,null
381,2021-11-02 09:30:50.554,2,3104,제주,济州,Jeju,2,3047,55,2,0,460,13042,2021년 11월 02일 00시,null
382,2021-11-02 09:30:50.554,41,13112,경남,庆南,Gyeongsangnam-do,54,12508,563,54,0,393,13041,2021년 11월 02일 00시,null
383,2021-11-02 09:30:50.554,95,9757,경북,庆北,Gyeongsangbuk-do,21,9290,372,21,0,370,13040,2021년 11월 02일 00시,null
384,2021-11-02 09:30:50.553,22,3595,전남,全南,Jeollanam-do,34,3403,170,34,0,194,13039,2021년 11월 02일 00시,null
385,2021-11-02 09:30:50.553,66,5226,전북,全北,Jeollabuk-do,14,4864,296,12,2,290,13038,2021년 11월 02일 00시,null
386,2021-11-02 09:30:50.553,61,10716,충남,忠南,Chungcheongnam-do,69,9917,738,69,0,505,13037,2021년 11월 02일 00시,null
387,2021-11-02 09:30:50.553,83,7945,충북,忠北,Chungcheongbuk-do,24,7473,389,24,0,496,13036,2021년 11월 02일 00시,null
388,2021-11-02 09:30:50.553,67,7241,강원,江原,Gangwon-do,29,6943,231,29,0,469,13035,2021년 11월 02일 00시,null
389,2021-11-02 09:30:50.553,939,109528,경기,京畿,Gyeonggi-do,501,100173,8416,499,2,816,13034,2021년 11월 02일 00시,null
390,2021-11-02 09:30:50.552,2,1372,세종,世宗,Sejong,5,1345,25,5,0,386,13033,2021년 11월 02일 00시,null
391,2021-11-02 09:30:50.552,56,5440,울산,蔚山,Ulsan,7,5329,55,7,0,479,13032,2021년 11월 02일 00시,null
392,2021-11-02 09:30:50.552,55,7569,대전,大田,Daejeon,28,7372,142,28,0,517,13031,2021년 11월 02일 00시,null
393,2021-11-02 09:30:50.552,29,5393,광주,光州,Gwangju,17,5274,90,14,3,372,13030,2021년 11월 02일 00시,null
394,2021-11-02 09:30:50.552,109,19613,인천,仁川,Incheon,113,17676,1828,112,1,666,13029,2021년 11월 02일 00시,null
395,2021-11-02 09:30:50.552,265,17241,대구,大邱,Daegu,42,16297,679,42,0,713,13028,2021년 11월 02일 00시,null
396,2021-11-02 09:30:50.551,164,13994,부산,釜山,Busan,28,13375,455,28,0,413,13027,2021년 11월 02일 00시,null
397,2021-11-02 09:30:50.551,802,120840,서울,首尔,Seoul,600,108509,11529,598,2,1250,13026,2021년 11월 02일 00시,null
398,2021-11-02 09:30:50.551,2874,367974,합계,合计,Total,1589,338947,26153,1578,11,710,13025,2021년 11월 02일 00시,null
399,2021-11-01 06:56:46.4,16,6287,검역,隔離區,Lazaretto,5,6147,124,0,5,-,13024,2021년 11월 01일 00시,null
400,2021-11-01 06:56:46.4,2,3102,제주,济州,Jeju,2,3042,58,2,0,460,13023,2021년 11월 01일 00시,null
401,2021-11-01 06:56:46.4,41,13058,경남,庆南,Gyeongsangnam-do,50,12469,548,50,0,391,13022,2021년 11월 01일 00시,null
402,2021-11-01 06:56:46.4,95,9736,경북,庆北,Gyeongsangbuk-do,27,9259,382,26,1,369,13021,2021년 11월 01일 00시,null
403,2021-11-01 06:56:46.399,22,3561,전남,全南,Jeollanam-do,18,3392,147,17,1,192,13020,2021년 11월 01일 00시,null
404,2021-11-01 06:56:46.399,66,5213,전북,全北,Jeollabuk-do,26,4838,309,26,0,289,13019,2021년 11월 01일 00시,null
405,2021-11-01 06:56:46.399,60,10647,충남,忠南,Chungcheongnam-do,47,9869,718,46,1,502,13018,2021년 11월 01일 00시,null
406,2021-11-01 06:56:46.399,83,7921,충북,忠北,Chungcheongbuk-do,21,7399,439,21,0,495,13017,2021년 11월 01일 00시,null
407,2021-11-01 06:56:46.399,67,7212,강원,江原,Gangwon-do,13,6907,238,13,0,467,13016,2021년 11월 01일 00시,null
408,2021-11-01 06:56:46.399,934,109027,경기,京畿,Gyeonggi-do,564,99648,8445,560,4,812,13015,2021년 11월 01일 00시,null
409,2021-11-01 06:56:46.398,2,1367,세종,世宗,Sejong,2,1341,24,2,0,384,13014,2021년 11월 01일 00시,null
410,2021-11-01 06:56:46.398,56,5433,울산,蔚山,Ulsan,12,5317,60,12,0,478,13013,2021년 11월 01일 00시,null
411,2021-11-01 06:56:46.398,55,7541,대전,大田,Daejeon,9,7366,120,9,0,515,13012,2021년 11월 01일 00시,null
412,2021-11-01 06:56:46.398,29,5376,광주,光州,Gwangju,5,5265,82,4,1,371,13011,2021년 11월 01일 00시,null
413,2021-11-01 06:56:46.398,109,19500,인천,仁川,Incheon,127,17559,1832,127,0,663,13010,2021년 11월 01일 00시,null
414,2021-11-01 06:56:46.398,261,17199,대구,大邱,Daegu,57,16297,641,57,0,711,13009,2021년 11월 01일 00시,null
415,2021-11-01 06:56:46.398,161,13966,부산,釜山,Busan,55,13332,473,55,0,412,13008,2021년 11월 01일 00시,null
416,2021-11-01 06:56:46.397,799,120240,서울,首尔,Seoul,646,107906,11535,639,7,1244,13007,2021년 11월 01일 00시,null
417,2021-11-01 06:56:46.397,2858,366386,합계,合计,Total,1686,337353,26175,1666,20,707,13006,2021년 11월 01일 00시,null
418,2021-10-31 09:24:32.643,16,6282,검역,隔離區,Lazaretto,4,6147,119,0,4,-,13005,2021년 10월 31일 00시,null
419,2021-10-31 09:24:32.643,2,3100,제주,济州,Jeju,1,3037,61,1,0,460,13004,2021년 10월 31일 00시,null
420,2021-10-31 09:24:32.642,41,13008,경남,庆南,Gyeongsangnam-do,61,12427,540,61,0,389,13003,2021년 10월 31일 00시,null
421,2021-10-31 09:24:32.642,95,9709,경북,庆北,Gyeongsangbuk-do,56,9224,390,56,0,368,13002,2021년 10월 31일 00시,null
422,2021-10-31 09:24:32.642,22,3543,전남,全南,Jeollanam-do,30,3382,139,30,0,191,13001,2021년 10월 31일 00시,null
423,2021-10-31 09:24:32.642,66,5187,전북,全北,Jeollabuk-do,21,4824,297,21,0,288,13000,2021년 10월 31일 00시,null
424,2021-10-31 09:24:32.642,59,10600,충남,忠南,Chungcheongnam-do,62,9835,706,62,0,500,12999,2021년 10월 31일 00시,null
425,2021-10-31 09:24:32.642,83,7900,충북,忠北,Chungcheongbuk-do,27,7364,453,27,0,493,12998,2021년 10월 31일 00시,null
426,2021-10-31 09:24:32.641,67,7199,강원,江原,Gangwon-do,23,6907,225,23,0,467,12997,2021년 10월 31일 00시,null
427,2021-10-31 09:24:32.641,931,108463,경기,京畿,Gyeonggi-do,701,99489,8043,700,1,808,12996,2021년 10월 31일 00시,null
428,2021-10-31 09:24:32.641,2,1365,세종,世宗,Sejong,4,1340,23,4,0,384,12995,2021년 10월 31일 00시,null
429,2021-10-31 09:24:32.641,56,5421,울산,蔚山,Ulsan,5,5316,49,5,0,477,12994,2021년 10월 31일 00시,null
430,2021-10-31 09:24:32.641,54,7532,대전,大田,Daejeon,11,7360,118,11,0,515,12993,2021년 10월 31일 00시,null
431,2021-10-31 09:24:32.641,29,5371,광주,光州,Gwangju,23,5261,81,23,0,370,12992,2021년 10월 31일 00시,null
432,2021-10-31 09:24:32.64,108,19373,인천,仁川,Incheon,157,17506,1759,157,0,658,12991,2021년 10월 31일 00시,null
433,2021-10-31 09:24:32.64,261,17142,대구,大邱,Daegu,57,16278,603,57,0,709,12990,2021년 10월 31일 00시,null
434,2021-10-31 09:24:32.64,161,13911,부산,釜山,Busan,58,13301,449,58,0,410,12989,2021년 10월 31일 00시,null
435,2021-10-31 09:24:32.64,796,119594,서울,首尔,Seoul,760,107550,11248,756,4,1237,12988,2021년 10월 31일 00시,null
436,2021-10-31 09:24:32.64,2849,364700,합계,合计,Total,2061,336548,25303,2052,9,704,12987,2021년 10월 31일 00시,null
437,2021-10-30 10:09:25.412,16,6278,검역,隔離區,Lazaretto,4,6146,116,0,4,-,12986,2021년 10월 30일 00시,null
438,2021-10-30 10:09:25.412,2,3099,제주,济州,Jeju,9,3031,66,9,0,459,12985,2021년 10월 30일 00시,null
439,2021-10-30 10:09:25.412,40,12947,경남,庆南,Gyeongsangnam-do,173,12403,504,173,0,388,12984,2021년 10월 30일 00시,null
440,2021-10-30 10:09:25.412,95,9653,경북,庆北,Gyeongsangbuk-do,40,9179,379,40,0,366,12983,2021년 10월 30일 00시,null
441,2021-10-30 10:09:25.412,21,3513,전남,全南,Jeollanam-do,12,3371,121,12,0,190,12982,2021년 10월 30일 00시,null
442,2021-10-30 10:09:25.412,66,5166,전북,全北,Jeollabuk-do,26,4815,285,26,0,286,12981,2021년 10월 30일 00시,null
443,2021-10-30 10:09:25.411,59,10538,충남,忠南,Chungcheongnam-do,56,9811,668,56,0,497,12980,2021년 10월 30일 00시,null
444,2021-10-30 10:09:25.411,82,7873,충북,忠北,Chungcheongbuk-do,46,7319,472,46,0,492,12979,2021년 10월 30일 00시,null
445,2021-10-30 10:09:25.411,67,7176,강원,江原,Gangwon-do,25,6872,237,25,0,465,12978,2021년 10월 30일 00시,null
446,2021-10-30 10:09:25.411,927,107762,경기,京畿,Gyeonggi-do,719,98858,7977,713,6,803,12977,2021년 10월 30일 00시,null
447,2021-10-30 10:09:25.411,2,1361,세종,世宗,Sejong,4,1333,26,4,0,382,12976,2021년 10월 30일 00시,null
448,2021-10-30 10:09:25.411,56,5416,울산,蔚山,Ulsan,3,5311,49,3,0,477,12975,2021년 10월 30일 00시,null
449,2021-10-30 10:09:25.41,54,7521,대전,大田,Daejeon,7,7315,152,7,0,514,12974,2021년 10월 30일 00시,null
450,2021-10-30 10:09:25.41,29,5348,광주,光州,Gwangju,16,5245,74,15,1,369,12973,2021년 10월 30일 00시,null
451,2021-10-30 10:09:25.41,107,19216,인천,仁川,Incheon,123,17454,1655,122,1,653,12972,2021년 10월 30일 00시,null
452,2021-10-30 10:09:25.41,259,17085,대구,大邱,Daegu,90,16257,569,89,1,706,12971,2021년 10월 30일 00시,null
453,2021-10-30 10:09:25.41,160,13853,부산,釜山,Busan,45,13262,431,45,0,408,12970,2021년 10월 30일 00시,null
454,2021-10-30 10:09:25.409,788,118834,서울,首尔,Seoul,706,106599,11447,704,2,1229,12969,2021년 10월 30일 00시,null
455,2021-10-30 10:09:25.409,2830,362639,합계,合计,Total,2104,334581,25228,2089,15,700,12968,2021년 10월 30일 00시,null
456,2021-10-29 09:32:27.526,16,6274,검역,隔離區,Lazaretto,8,6130,128,0,8,-,12967,2021년 10월 29일 00시,null
457,2021-10-29 09:32:27.526,2,3090,제주,济州,Jeju,4,3029,59,3,1,458,12966,2021년 10월 29일 00시,null
458,2021-10-29 09:32:27.526,40,12774,경남,庆南,Gyeongsangnam-do,34,12369,365,33,1,382,12965,2021년 10월 29일 00시,null
459,2021-10-29 09:32:27.526,95,9613,경북,庆北,Gyeongsangbuk-do,42,9105,413,42,0,364,12964,2021년 10월 29일 00시,null
460,2021-10-29 09:32:27.526,21,3501,전남,全南,Jeollanam-do,13,3362,118,12,1,189,12963,2021년 10월 29일 00시,null
461,2021-10-29 09:32:27.526,66,5140,전북,全北,Jeollabuk-do,56,4800,274,55,1,285,12962,2021년 10월 29일 00시,null
462,2021-10-29 09:32:27.526,59,10482,충남,忠南,Chungcheongnam-do,68,9773,650,67,1,494,12961,2021년 10월 29일 00시,null
463,2021-10-29 09:32:27.525,82,7827,충북,忠北,Chungcheongbuk-do,35,7266,479,34,1,489,12960,2021년 10월 29일 00시,null
464,2021-10-29 09:32:27.525,66,7151,강원,江原,Gangwon-do,21,6846,239,21,0,463,12959,2021년 10월 29일 00시,null
465,2021-10-29 09:32:27.525,919,107044,경기,京畿,Gyeonggi-do,762,98329,7796,753,9,797,12958,2021년 10월 29일 00시,null
466,2021-10-29 09:32:27.525,2,1357,세종,世宗,Sejong,1,1330,25,1,0,381,12957,2021년 10월 29일 00시,null
467,2021-10-29 09:32:27.524,56,5413,울산,蔚山,Ulsan,4,5311,46,4,0,476,12956,2021년 10월 29일 00시,null
468,2021-10-29 09:32:27.524,54,7514,대전,大田,Daejeon,9,7308,152,9,0,513,12955,2021년 10월 29일 00시,null
469,2021-10-29 09:32:27.524,29,5332,광주,光州,Gwangju,5,5236,67,3,2,368,12954,2021년 10월 29일 00시,null
470,2021-10-29 09:32:27.524,107,19093,인천,仁川,Incheon,132,17210,1776,130,2,649,12953,2021년 10월 29일 00시,null
471,2021-10-29 09:32:27.524,258,16995,대구,大邱,Daegu,117,16199,538,116,1,703,12952,2021년 10월 29일 00시,null
472,2021-10-29 09:32:27.523,159,13808,부산,釜山,Busan,43,13227,422,42,1,407,12951,2021년 10월 29일 00시,null
473,2021-10-29 09:32:27.523,786,118128,서울,首尔,Seoul,770,106165,11177,769,1,1222,12950,2021년 10월 29일 00시,null
474,2021-10-29 09:32:27.523,2817,360536,합계,合计,Total,2124,332995,24724,2094,30,696,12949,2021년 10월 29일 00시,null
475,2021-10-28 09:36:23.525,16,6266,검역,隔離區,Lazaretto,8,6126,124,0,8,-,12948,2021년 10월 28일 00시,null
476,2021-10-28 09:36:23.525,2,3086,제주,济州,Jeju,4,3022,62,4,0,457.43,12947,2021년 10월 28일 00시,null
477,2021-10-28 09:36:23.524,40,12740,경남,庆南,Gyeongsangnam-do,35,12336,364,34,1,381.41,12946,2021년 10월 28일 00시,null
478,2021-10-28 09:36:23.524,95,9571,경북,庆北,Gyeongsangbuk-do,41,9064,412,40,1,362.62,12945,2021년 10월 28일 00시,null
479,2021-10-28 09:36:23.524,21,3488,전남,全南,Jeollanam-do,12,3341,126,12,0,188.38,12944,2021년 10월 28일 00시,null
480,2021-10-28 09:36:23.524,66,5084,전북,全北,Jeollabuk-do,41,4788,230,41,0,281.8,12943,2021년 10월 28일 00시,null
481,2021-10-28 09:36:23.524,59,10414,충남,忠南,Chungcheongnam-do,82,9700,655,82,0,490.99,12942,2021년 10월 28일 00시,null
482,2021-10-28 09:36:23.524,82,7792,충북,忠北,Chungcheongbuk-do,54,7211,499,54,0,486.75,12941,2021년 10월 28일 00시,null
483,2021-10-28 09:36:23.523,66,7130,강원,江原,Gangwon-do,22,6838,226,22,0,462.13,12940,2021년 10월 28일 00시,null
484,2021-10-28 09:36:23.523,914,106282,경기,京畿,Gyeonggi-do,708,97318,8050,707,1,791.55,12939,2021년 10월 28일 00시,null
485,2021-10-28 09:36:23.523,2,1356,세종,世宗,Sejong,2,1330,24,2,0,381.08,12938,2021년 10월 28일 00시,null
486,2021-10-28 09:36:23.523,56,5409,울산,蔚山,Ulsan,6,5307,46,6,0,476.14,12937,2021년 10월 28일 00시,null
487,2021-10-28 09:36:23.523,54,7505,대전,大田,Daejeon,6,7293,158,6,0,512.68,12936,2021년 10월 28일 00시,null
488,2021-10-28 09:36:23.523,29,5327,광주,光州,Gwangju,7,5229,69,7,0,367.36,12935,2021년 10월 28일 00시,null
489,2021-10-28 09:36:23.522,107,18961,인천,仁川,Incheon,137,16963,1891,136,1,644.31,12934,2021년 10월 28일 00시,null
490,2021-10-28 09:36:23.522,258,16878,대구,大邱,Daegu,106,16170,450,106,0,697.92,12933,2021년 10월 28일 00시,null
491,2021-10-28 09:36:23.522,159,13765,부산,釜山,Busan,52,13191,415,51,1,405.81,12932,2021년 10월 28일 00시,null
492,2021-10-28 09:36:23.522,782,117358,서울,首尔,Seoul,788,105626,10950,785,3,1213.82,12931,2021년 10월 28일 00시,null
493,2021-10-28 09:36:23.522,2808,358412,합계,合计,Total,2111,330853,24751,2095,16,691.53,12930,2021년 10월 28일 00시,null
494,2021-10-27 10:15:49.773,16,6258,검역,隔離區,Lazaretto,6,6125,117,0,6,-,12929,2021년 10월 27일 00시,null
495,2021-10-27 10:15:49.772,2,3082,제주,济州,Jeju,7,3016,64,7,0,456.84,12928,2021년 10월 27일 00시,null
496,2021-10-27 10:15:49.772,40,12705,경남,庆南,Gyeongsangnam-do,45,12317,348,44,1,380.36,12927,2021년 10월 27일 00시,null
497,2021-10-27 10:15:49.772,95,9530,경북,庆北,Gyeongsangbuk-do,42,9043,392,42,0,361.06,12926,2021년 10월 27일 00시,null
498,2021-10-27 10:15:49.772,21,3476,전남,全南,Jeollanam-do,6,3330,125,6,0,187.73,12925,2021년 10월 27일 00시,null
499,2021-10-27 10:15:49.772,65,5043,전북,全北,Jeollabuk-do,30,4773,205,30,0,279.53,12924,2021년 10월 27일 00시,null
500,2021-10-27 10:15:49.772,59,10332,충남,忠南,Chungcheongnam-do,59,9682,591,58,1,487.12,12923,2021년 10월 27일 00시,null
501,2021-10-27 10:15:49.771,82,7739,충북,忠北,Chungcheongbuk-do,29,7165,492,29,0,483.43,12922,2021년 10월 27일 00시,null
502,2021-10-27 10:15:49.771,66,7108,강원,江原,Gangwon-do,19,6829,213,19,0,460.71,12921,2021년 10월 27일 00시,null
503,2021-10-27 10:15:49.771,911,105575,경기,京畿,Gyeonggi-do,740,96814,7850,734,6,786.29,12920,2021년 10월 27일 00시,null
504,2021-10-27 10:15:49.771,2,1354,세종,世宗,Sejong,1,1328,24,1,0,380.52,12919,2021년 10월 27일 00시,null
505,2021-10-27 10:15:49.771,56,5403,울산,蔚山,Ulsan,8,5307,40,7,1,475.61,12918,2021년 10월 27일 00시,null
506,2021-10-27 10:15:49.771,54,7499,대전,大田,Daejeon,15,7253,192,15,0,512.27,12917,2021년 10월 27일 00시,null
507,2021-10-27 10:15:49.77,29,5320,광주,光州,Gwangju,9,5225,66,9,0,366.88,12916,2021년 10월 27일 00시,null
508,2021-10-27 10:15:49.77,106,18824,인천,仁川,Incheon,125,16928,1790,125,0,639.66,12915,2021년 10월 27일 00시,null
509,2021-10-27 10:15:49.77,256,16772,대구,大邱,Daegu,39,16127,389,39,0,693.53,12914,2021년 10월 27일 00시,null
510,2021-10-27 10:15:49.77,158,13713,부산,釜山,Busan,43,13164,391,42,1,404.28,12913,2021년 10월 27일 00시,null
511,2021-10-27 10:15:49.77,779,116572,서울,首尔,Seoul,729,105232,10561,723,6,1205.69,12912,2021년 10월 27일 00시,null
512,2021-10-27 10:15:49.769,2797,356305,합계,合计,Total,1952,329658,23850,1930,22,687.46,12911,2021년 10월 27일 00시,null
513,2021-10-26 11:00:51.783,16,6252,검역,隔離區,Lazaretto,8,6122,114,0,8,-,12910,2021년 10월 26일 00시,null
514,2021-10-26 11:00:51.783,2,3075,제주,济州,Jeju,6,3011,62,6,0,455.8,12909,2021년 10월 26일 00시,null
515,2021-10-26 11:00:51.783,40,12660,경남,庆南,Gyeongsangnam-do,29,12277,343,27,2,379.02,12908,2021년 10월 26일 00시,null
516,2021-10-26 11:00:51.783,95,9488,경북,庆北,Gyeongsangbuk-do,20,9008,385,20,0,359.47,12907,2021년 10월 26일 00시,null
517,2021-10-26 11:00:51.783,21,3470,전남,全南,Jeollanam-do,6,3301,148,6,0,187.41,12906,2021년 10월 26일 00시,null
518,2021-10-26 11:00:51.783,65,5013,전북,全北,Jeollabuk-do,41,4750,198,41,0,277.87,12905,2021년 10월 26일 00시,null
519,2021-10-26 11:00:51.783,59,10273,충남,忠南,Chungcheongnam-do,40,9626,588,40,0,484.34,12904,2021년 10월 26일 00시,null
520,2021-10-26 11:00:51.782,82,7710,충북,忠北,Chungcheongbuk-do,32,7113,515,32,0,481.62,12903,2021년 10월 26일 00시,null
521,2021-10-26 11:00:51.782,66,7089,강원,江原,Gangwon-do,25,6806,217,24,1,459.48,12902,2021년 10월 26일 00시,null
522,2021-10-26 11:00:51.782,909,104836,경기,京畿,Gyeonggi-do,431,95754,8173,428,3,780.78,12901,2021년 10월 26일 00시,null
523,2021-10-26 11:00:51.782,2,1353,세종,世宗,Sejong,6,1328,23,6,0,380.24,12900,2021년 10월 26일 00시,null
524,2021-10-26 11:00:51.782,56,5395,울산,蔚山,Ulsan,9,5305,34,9,0,474.9,12899,2021년 10월 26일 00시,null
525,2021-10-26 11:00:51.782,54,7484,대전,大田,Daejeon,13,7243,187,13,0,511.24,12898,2021년 10월 26일 00시,null
526,2021-10-26 11:00:51.781,29,5311,광주,光州,Gwangju,5,5218,64,5,0,366.26,12897,2021년 10월 26일 00시,null
527,2021-10-26 11:00:51.781,105,18699,인천,仁川,Incheon,74,16798,1796,74,0,635.41,12896,2021년 10월 26일 00시,null
528,2021-10-26 11:00:51.781,254,16733,대구,大邱,Daegu,61,16084,395,61,0,691.92,12895,2021년 10월 26일 00시,null
529,2021-10-26 11:00:51.781,157,13670,부산,釜山,Busan,33,13136,377,33,0,403.01,12894,2021년 10월 26일 00시,null
530,2021-10-26 11:00:51.781,776,115844,서울,首尔,Seoul,427,104712,10356,421,6,1198.16,12893,2021년 10월 26일 00시,null
531,2021-10-26 11:00:51.78,2788,354355,합계,合计,Total,1266,327592,23975,1246,20,683.7,12892,2021년 10월 26일 00시,null
532,2021-10-25 09:57:05.561,16,6244,검역,隔離區,Lazaretto,8,6118,110,0,8,-,12891,2021년 10월 25일 00시,null
533,2021-10-25 09:57:05.561,2,3069,제주,济州,Jeju,11,3003,64,11,0,454.91,12890,2021년 10월 25일 00시,null
534,2021-10-25 09:57:05.561,40,12631,경남,庆南,Gyeongsangnam-do,18,12248,343,16,2,378.15,12889,2021년 10월 25일 00시,null
535,2021-10-25 09:57:05.561,95,9468,경북,庆北,Gyeongsangbuk-do,16,8964,409,16,0,358.71,12888,2021년 10월 25일 00시,null
536,2021-10-25 09:57:05.561,21,3464,전남,全南,Jeollanam-do,5,3288,155,4,1,187.09,12887,2021년 10월 25일 00시,null
537,2021-10-25 09:57:05.561,65,4972,전북,全北,Jeollabuk-do,24,4731,176,24,0,275.59,12886,2021년 10월 25일 00시,null
538,2021-10-25 09:57:05.561,59,10233,충남,忠南,Chungcheongnam-do,27,9586,588,26,1,482.45,12885,2021년 10월 25일 00시,null
539,2021-10-25 09:57:05.56,82,7678,충북,忠北,Chungcheongbuk-do,42,7072,524,41,1,479.62,12884,2021년 10월 25일 00시,null
540,2021-10-25 09:57:05.56,66,7064,강원,江原,Gangwon-do,20,6776,222,20,0,457.86,12883,2021년 10월 25일 00시,null
541,2021-10-25 09:57:05.56,903,104405,경기,京畿,Gyeonggi-do,401,93896,9606,397,4,777.57,12882,2021년 10월 25일 00시,null
542,2021-10-25 09:57:05.56,2,1347,세종,世宗,Sejong,0,1328,17,0,0,378.55,12881,2021년 10월 25일 00시,null
543,2021-10-25 09:57:05.56,56,5386,울산,蔚山,Ulsan,4,5293,37,4,0,474.11,12880,2021년 10월 25일 00시,null
544,2021-10-25 09:57:05.56,54,7471,대전,大田,Daejeon,4,7241,176,4,0,510.36,12879,2021년 10월 25일 00시,null
545,2021-10-25 09:57:05.56,29,5306,광주,光州,Gwangju,3,5208,69,3,0,365.92,12878,2021년 10월 25일 00시,null
546,2021-10-25 09:57:05.559,104,18625,인천,仁川,Incheon,96,16647,1874,95,1,632.89,12877,2021년 10월 25일 00시,null
547,2021-10-25 09:57:05.559,253,16672,대구,大邱,Daegu,32,16039,380,32,0,689.4,12876,2021년 10월 25일 00시,null
548,2021-10-25 09:57:05.559,157,13637,부산,釜山,Busan,24,13098,382,23,1,402.04,12875,2021년 10월 25일 00시,null
549,2021-10-25 09:57:05.559,769,115417,서울,首尔,Seoul,455,103912,10736,451,4,1193.75,12874,2021년 10월 25일 00시,null
550,2021-10-25 09:57:05.559,2773,353089,합계,合计,Total,1190,324448,25868,1167,23,681.26,12873,2021년 10월 25일 00시,null
551,2021-10-24 09:42:33.197,16,6236,검역,隔離區,Lazaretto,7,6118,102,0,7,-,12872,2021년 10월 24일 00시,null
552,2021-10-24 09:42:33.197,2,3058,제주,济州,Jeju,8,2998,58,8,0,453.28,12871,2021년 10월 24일 00시,null
553,2021-10-24 09:42:33.197,40,12613,경남,庆南,Gyeongsangnam-do,27,12238,335,26,1,377.61,12870,2021년 10월 24일 00시,null
554,2021-10-24 09:42:33.197,95,9452,경북,庆北,Gyeongsangbuk-do,24,8924,433,24,0,358.11,12869,2021년 10월 24일 00시,null
555,2021-10-24 09:42:33.196,21,3459,전남,全南,Jeollanam-do,9,3266,172,9,0,186.82,12868,2021년 10월 24일 00시,null
556,2021-10-24 09:42:33.196,65,4948,전북,全北,Jeollabuk-do,10,4725,158,10,0,274.26,12867,2021년 10월 24일 00시,null
557,2021-10-24 09:42:33.196,59,10206,충남,忠南,Chungcheongnam-do,64,9554,593,62,2,481.18,12866,2021년 10월 24일 00시,null
558,2021-10-24 09:42:33.196,82,7636,충북,忠北,Chungcheongbuk-do,39,7032,522,38,1,477.00,12865,2021년 10월 24일 00시,null
559,2021-10-24 09:42:33.196,66,7044,강원,江原,Gangwon-do,13,6756,222,13,0,456.56,12864,2021년 10월 24일 00시,null
560,2021-10-24 09:42:33.196,901,104004,경기,京畿,Gyeonggi-do,521,93630,9473,516,5,774.59,12863,2021년 10월 24일 00시,null
561,2021-10-24 09:42:33.195,2,1347,세종,世宗,Sejong,0,1326,19,0,0,378.55,12862,2021년 10월 24일 00시,null
562,2021-10-24 09:42:33.195,56,5382,울산,蔚山,Ulsan,3,5287,39,2,1,473.76,12861,2021년 10월 24일 00시,null
563,2021-10-24 09:42:33.195,54,7467,대전,大田,Daejeon,8,7230,183,8,0,510.08,12860,2021년 10월 24일 00시,null
564,2021-10-24 09:42:33.195,29,5303,광주,光州,Gwangju,4,5203,71,4,0,365.71,12859,2021년 10월 24일 00시,null
565,2021-10-24 09:42:33.195,104,18529,인천,仁川,Incheon,103,16627,1798,99,4,629.63,12858,2021년 10월 24일 00시,null
566,2021-10-24 09:42:33.195,253,16640,대구,大邱,Daegu,31,15997,390,30,1,688.07,12857,2021년 10월 24일 00시,null
567,2021-10-24 09:42:33.194,157,13613,부산,釜山,Busan,32,13058,398,32,0,401.33,12856,2021년 10월 24일 00시,null
568,2021-10-24 09:42:33.194,764,114962,서울,首尔,Seoul,520,103424,10774,514,6,1189.04,12855,2021년 10월 24일 00시,null
569,2021-10-24 09:42:33.194,2766,351899,합계,合计,Total,1423,323393,25740,1395,28,678.96,12854,2021년 10월 24일 00시,null
570,2021-10-23 10:06:56.35,16,6229,검역,隔離區,Lazaretto,4,6103,110,0,4,-,12853,2021년 10월 23일 00시,null
571,2021-10-23 10:06:56.35,2,3050,제주,济州,Jeju,3,2988,60,3,0,452,12852,2021년 10월 23일 00시,null
572,2021-10-23 10:06:56.35,40,12586,경남,庆南,Gyeongsangnam-do,72,12210,336,71,1,377,12851,2021년 10월 23일 00시,null
573,2021-10-23 10:06:56.35,95,9428,경북,庆北,Gyeongsangbuk-do,35,8890,443,35,0,357,12850,2021년 10월 23일 00시,null
574,2021-10-23 10:06:56.349,21,3450,전남,全南,Jeollanam-do,5,3247,182,5,0,186,12849,2021년 10월 23일 00시,null
575,2021-10-23 10:06:56.349,65,4938,전북,全北,Jeollabuk-do,19,4707,166,18,1,274,12848,2021년 10월 23일 00시,null
576,2021-10-23 10:06:56.349,59,10142,충남,忠南,Chungcheongnam-do,42,9531,552,42,0,478,12847,2021년 10월 23일 00시,null
577,2021-10-23 10:06:56.349,82,7597,충북,忠北,Chungcheongbuk-do,47,6965,550,46,1,475,12846,2021년 10월 23일 00시,null
578,2021-10-23 10:06:56.349,66,7031,강원,江原,Gangwon-do,20,6744,221,20,0,456,12845,2021년 10월 23일 00시,null
579,2021-10-23 10:06:56.349,893,103483,경기,京畿,Gyeonggi-do,518,93410,9180,512,6,771,12844,2021년 10월 23일 00시,null
580,2021-10-23 10:06:56.348,1,1347,세종,世宗,Sejong,2,1323,23,2,0,379,12843,2021년 10월 23일 00시,null
581,2021-10-23 10:06:56.348,56,5379,울산,蔚山,Ulsan,6,5279,44,6,0,474,12842,2021년 10월 23일 00시,null
582,2021-10-23 10:06:56.348,54,7459,대전,大田,Daejeon,8,7224,181,8,0,510,12841,2021년 10월 23일 00시,null
583,2021-10-23 10:06:56.348,29,5299,광주,光州,Gwangju,9,5190,80,7,2,365,12840,2021년 10월 23일 00시,null
584,2021-10-23 10:06:56.348,103,18426,인천,仁川,Incheon,106,16592,1731,106,0,626,12839,2021년 10월 23일 00시,null
585,2021-10-23 10:06:56.348,252,16609,대구,大邱,Daegu,21,15951,406,21,0,687,12838,2021년 10월 23일 00시,null
586,2021-10-23 10:06:56.348,155,13581,부산,釜山,Busan,40,13016,410,39,1,400,12837,2021년 10월 23일 00시,null
587,2021-10-23 10:06:56.347,756,114442,서울,首尔,Seoul,551,103166,10520,546,5,1184,12836,2021년 10월 23일 00시,null
588,2021-10-23 10:06:56.347,2745,350476,합계,合计,Total,1508,322536,25195,1487,21,676,12835,2021년 10월 23일 00시,null
